Container, 0, 0, 0, 5.25368, 5.25368, 0
Container, 0, MPI, 0, 5.25368, 5.25368, rank-8
State, rank-8, MPI_STATE, 0.000000, 0.000000, 0.000000, 0.000000, PMPI_Init
State, rank-8, MPI_STATE, 0.000000, 0.350245, 0.350245, 0.000000, PMPI_Sendrecv
State, rank-8, MPI_STATE, 0.350245, 0.700491, 0.350246, 0.000000, PMPI_Sendrecv
State, rank-8, MPI_STATE, 0.700491, 1.050736, 0.350245, 0.000000, PMPI_Sendrecv
State, rank-8, MPI_STATE, 1.050736, 1.400982, 0.350246, 0.000000, PMPI_Sendrecv
State, rank-8, MPI_STATE, 1.400982, 1.751227, 0.350245, 0.000000, PMPI_Sendrecv
State, rank-8, MPI_STATE, 1.751227, 2.101473, 0.350246, 0.000000, PMPI_Sendrecv
State, rank-8, MPI_STATE, 2.101473, 2.451719, 0.350246, 0.000000, PMPI_Sendrecv
State, rank-8, MPI_STATE, 2.451719, 2.801964, 0.350245, 0.000000, PMPI_Sendrecv
State, rank-8, MPI_STATE, 2.801964, 3.152209, 0.350245, 0.000000, PMPI_Sendrecv
State, rank-8, MPI_STATE, 3.152209, 3.502455, 0.350246, 0.000000, PMPI_Sendrecv
State, rank-8, MPI_STATE, 3.502455, 3.852700, 0.350245, 0.000000, PMPI_Sendrecv
State, rank-8, MPI_STATE, 3.852700, 4.202946, 0.350246, 0.000000, PMPI_Sendrecv
State, rank-8, MPI_STATE, 4.202946, 4.553191, 0.350245, 0.000000, PMPI_Sendrecv
State, rank-8, MPI_STATE, 4.553191, 4.903437, 0.350246, 0.000000, PMPI_Sendrecv
State, rank-8, MPI_STATE, 4.903437, 5.253682, 0.350245, 0.000000, PMPI_Sendrecv
State, rank-8, MPI_STATE, 5.253682, 5.253682, 0.000000, 0.000000, PMPI_Finalize
Container, 0, MPI, 0, 5.25368, 5.25368, rank-7
State, rank-7, MPI_STATE, 0.000000, 0.000000, 0.000000, 0.000000, PMPI_Init
State, rank-7, MPI_STATE, 0.000000, 0.350245, 0.350245, 0.000000, PMPI_Sendrecv
State, rank-7, MPI_STATE, 0.350245, 0.700491, 0.350246, 0.000000, PMPI_Sendrecv
State, rank-7, MPI_STATE, 0.700491, 1.050736, 0.350245, 0.000000, PMPI_Sendrecv
State, rank-7, MPI_STATE, 1.050736, 1.400982, 0.350246, 0.000000, PMPI_Sendrecv
State, rank-7, MPI_STATE, 1.400982, 1.751227, 0.350245, 0.000000, PMPI_Sendrecv
State, rank-7, MPI_STATE, 1.751227, 2.101473, 0.350246, 0.000000, PMPI_Sendrecv
State, rank-7, MPI_STATE, 2.101473, 2.451719, 0.350246, 0.000000, PMPI_Sendrecv
State, rank-7, MPI_STATE, 2.451719, 2.801964, 0.350245, 0.000000, PMPI_Sendrecv
State, rank-7, MPI_STATE, 2.801964, 3.152209, 0.350245, 0.000000, PMPI_Sendrecv
State, rank-7, MPI_STATE, 3.152209, 3.502455, 0.350246, 0.000000, PMPI_Sendrecv
State, rank-7, MPI_STATE, 3.502455, 3.852700, 0.350245, 0.000000, PMPI_Sendrecv
State, rank-7, MPI_STATE, 3.852700, 4.202946, 0.350246, 0.000000, PMPI_Sendrecv
State, rank-7, MPI_STATE, 4.202946, 4.553191, 0.350245, 0.000000, PMPI_Sendrecv
State, rank-7, MPI_STATE, 4.553191, 4.903437, 0.350246, 0.000000, PMPI_Sendrecv
State, rank-7, MPI_STATE, 4.903437, 5.253682, 0.350245, 0.000000, PMPI_Sendrecv
State, rank-7, MPI_STATE, 5.253682, 5.253682, 0.000000, 0.000000, PMPI_Finalize
Container, 0, MPI, 0, 5.25368, 5.25368, rank-6
State, rank-6, MPI_STATE, 0.000000, 0.000000, 0.000000, 0.000000, PMPI_Init
State, rank-6, MPI_STATE, 0.000000, 0.350245, 0.350245, 0.000000, PMPI_Sendrecv
State, rank-6, MPI_STATE, 0.350245, 0.700491, 0.350246, 0.000000, PMPI_Sendrecv
State, rank-6, MPI_STATE, 0.700491, 1.050736, 0.350245, 0.000000, PMPI_Sendrecv
State, rank-6, MPI_STATE, 1.050736, 1.400982, 0.350246, 0.000000, PMPI_Sendrecv
State, rank-6, MPI_STATE, 1.400982, 1.751227, 0.350245, 0.000000, PMPI_Sendrecv
State, rank-6, MPI_STATE, 1.751227, 2.101473, 0.350246, 0.000000, PMPI_Sendrecv
State, rank-6, MPI_STATE, 2.101473, 2.451719, 0.350246, 0.000000, PMPI_Sendrecv
State, rank-6, MPI_STATE, 2.451719, 2.801964, 0.350245, 0.000000, PMPI_Sendrecv
State, rank-6, MPI_STATE, 2.801964, 3.152209, 0.350245, 0.000000, PMPI_Sendrecv
State, rank-6, MPI_STATE, 3.152209, 3.502455, 0.350246, 0.000000, PMPI_Sendrecv
State, rank-6, MPI_STATE, 3.502455, 3.852700, 0.350245, 0.000000, PMPI_Sendrecv
State, rank-6, MPI_STATE, 3.852700, 4.202946, 0.350246, 0.000000, PMPI_Sendrecv
State, rank-6, MPI_STATE, 4.202946, 4.553191, 0.350245, 0.000000, PMPI_Sendrecv
State, rank-6, MPI_STATE, 4.553191, 4.903437, 0.350246, 0.000000, PMPI_Sendrecv
State, rank-6, MPI_STATE, 4.903437, 5.253682, 0.350245, 0.000000, PMPI_Sendrecv
State, rank-6, MPI_STATE, 5.253682, 5.253682, 0.000000, 0.000000, PMPI_Finalize
Container, 0, MPI, 0, 5.25368, 5.25368, rank-5
State, rank-5, MPI_STATE, 0.000000, 0.000000, 0.000000, 0.000000, PMPI_Init
State, rank-5, MPI_STATE, 0.000000, 0.350245, 0.350245, 0.000000, PMPI_Sendrecv
State, rank-5, MPI_STATE, 0.350245, 0.700491, 0.350246, 0.000000, PMPI_Sendrecv
State, rank-5, MPI_STATE, 0.700491, 1.050736, 0.350245, 0.000000, PMPI_Sendrecv
State, rank-5, MPI_STATE, 1.050736, 1.400982, 0.350246, 0.000000, PMPI_Sendrecv
State, rank-5, MPI_STATE, 1.400982, 1.751227, 0.350245, 0.000000, PMPI_Sendrecv
State, rank-5, MPI_STATE, 1.751227, 2.101473, 0.350246, 0.000000, PMPI_Sendrecv
State, rank-5, MPI_STATE, 2.101473, 2.451719, 0.350246, 0.000000, PMPI_Sendrecv
State, rank-5, MPI_STATE, 2.451719, 2.801964, 0.350245, 0.000000, PMPI_Sendrecv
State, rank-5, MPI_STATE, 2.801964, 3.152209, 0.350245, 0.000000, PMPI_Sendrecv
State, rank-5, MPI_STATE, 3.152209, 3.502455, 0.350246, 0.000000, PMPI_Sendrecv
State, rank-5, MPI_STATE, 3.502455, 3.852700, 0.350245, 0.000000, PMPI_Sendrecv
State, rank-5, MPI_STATE, 3.852700, 4.202946, 0.350246, 0.000000, PMPI_Sendrecv
State, rank-5, MPI_STATE, 4.202946, 4.553191, 0.350245, 0.000000, PMPI_Sendrecv
State, rank-5, MPI_STATE, 4.553191, 4.903437, 0.350246, 0.000000, PMPI_Sendrecv
State, rank-5, MPI_STATE, 4.903437, 5.253682, 0.350245, 0.000000, PMPI_Sendrecv
State, rank-5, MPI_STATE, 5.253682, 5.253682, 0.000000, 0.000000, PMPI_Finalize
Container, 0, MPI, 0, 5.25368, 5.25368, rank-4
State, rank-4, MPI_STATE, 0.000000, 0.000000, 0.000000, 0.000000, PMPI_Init
State, rank-4, MPI_STATE, 0.000000, 0.350245, 0.350245, 0.000000, PMPI_Sendrecv
State, rank-4, MPI_STATE, 0.350245, 0.700491, 0.350246, 0.000000, PMPI_Sendrecv
State, rank-4, MPI_STATE, 0.700491, 1.050736, 0.350245, 0.000000, PMPI_Sendrecv
State, rank-4, MPI_STATE, 1.050736, 1.400982, 0.350246, 0.000000, PMPI_Sendrecv
State, rank-4, MPI_STATE, 1.400982, 1.751227, 0.350245, 0.000000, PMPI_Sendrecv
State, rank-4, MPI_STATE, 1.751227, 2.101473, 0.350246, 0.000000, PMPI_Sendrecv
State, rank-4, MPI_STATE, 2.101473, 2.451719, 0.350246, 0.000000, PMPI_Sendrecv
State, rank-4, MPI_STATE, 2.451719, 2.801964, 0.350245, 0.000000, PMPI_Sendrecv
State, rank-4, MPI_STATE, 2.801964, 3.152209, 0.350245, 0.000000, PMPI_Sendrecv
State, rank-4, MPI_STATE, 3.152209, 3.502455, 0.350246, 0.000000, PMPI_Sendrecv
State, rank-4, MPI_STATE, 3.502455, 3.852700, 0.350245, 0.000000, PMPI_Sendrecv
State, rank-4, MPI_STATE, 3.852700, 4.202946, 0.350246, 0.000000, PMPI_Sendrecv
State, rank-4, MPI_STATE, 4.202946, 4.553191, 0.350245, 0.000000, PMPI_Sendrecv
State, rank-4, MPI_STATE, 4.553191, 4.903437, 0.350246, 0.000000, PMPI_Sendrecv
State, rank-4, MPI_STATE, 4.903437, 5.253682, 0.350245, 0.000000, PMPI_Sendrecv
State, rank-4, MPI_STATE, 5.253682, 5.253682, 0.000000, 0.000000, PMPI_Finalize
Container, 0, MPI, 0, 5.25368, 5.25368, rank-3
State, rank-3, MPI_STATE, 0.000000, 0.000000, 0.000000, 0.000000, PMPI_Init
State, rank-3, MPI_STATE, 0.000000, 0.350245, 0.350245, 0.000000, PMPI_Sendrecv
State, rank-3, MPI_STATE, 0.350245, 0.700491, 0.350246, 0.000000, PMPI_Sendrecv
State, rank-3, MPI_STATE, 0.700491, 1.050736, 0.350245, 0.000000, PMPI_Sendrecv
State, rank-3, MPI_STATE, 1.050736, 1.400982, 0.350246, 0.000000, PMPI_Sendrecv
State, rank-3, MPI_STATE, 1.400982, 1.751227, 0.350245, 0.000000, PMPI_Sendrecv
State, rank-3, MPI_STATE, 1.751227, 2.101473, 0.350246, 0.000000, PMPI_Sendrecv
State, rank-3, MPI_STATE, 2.101473, 2.451719, 0.350246, 0.000000, PMPI_Sendrecv
State, rank-3, MPI_STATE, 2.451719, 2.801964, 0.350245, 0.000000, PMPI_Sendrecv
State, rank-3, MPI_STATE, 2.801964, 3.152209, 0.350245, 0.000000, PMPI_Sendrecv
State, rank-3, MPI_STATE, 3.152209, 3.502455, 0.350246, 0.000000, PMPI_Sendrecv
State, rank-3, MPI_STATE, 3.502455, 3.852700, 0.350245, 0.000000, PMPI_Sendrecv
State, rank-3, MPI_STATE, 3.852700, 4.202946, 0.350246, 0.000000, PMPI_Sendrecv
State, rank-3, MPI_STATE, 4.202946, 4.553191, 0.350245, 0.000000, PMPI_Sendrecv
State, rank-3, MPI_STATE, 4.553191, 4.903437, 0.350246, 0.000000, PMPI_Sendrecv
State, rank-3, MPI_STATE, 4.903437, 5.253682, 0.350245, 0.000000, PMPI_Sendrecv
State, rank-3, MPI_STATE, 5.253682, 5.253682, 0.000000, 0.000000, PMPI_Finalize
Container, 0, MPI, 0, 5.25368, 5.25368, rank-2
State, rank-2, MPI_STATE, 0.000000, 0.000000, 0.000000, 0.000000, PMPI_Init
State, rank-2, MPI_STATE, 0.000000, 0.350245, 0.350245, 0.000000, PMPI_Sendrecv
State, rank-2, MPI_STATE, 0.350245, 0.700491, 0.350246, 0.000000, PMPI_Sendrecv
State, rank-2, MPI_STATE, 0.700491, 1.050736, 0.350245, 0.000000, PMPI_Sendrecv
State, rank-2, MPI_STATE, 1.050736, 1.400982, 0.350246, 0.000000, PMPI_Sendrecv
State, rank-2, MPI_STATE, 1.400982, 1.751227, 0.350245, 0.000000, PMPI_Sendrecv
State, rank-2, MPI_STATE, 1.751227, 2.101473, 0.350246, 0.000000, PMPI_Sendrecv
State, rank-2, MPI_STATE, 2.101473, 2.451719, 0.350246, 0.000000, PMPI_Sendrecv
State, rank-2, MPI_STATE, 2.451719, 2.801964, 0.350245, 0.000000, PMPI_Sendrecv
State, rank-2, MPI_STATE, 2.801964, 3.152209, 0.350245, 0.000000, PMPI_Sendrecv
State, rank-2, MPI_STATE, 3.152209, 3.502455, 0.350246, 0.000000, PMPI_Sendrecv
State, rank-2, MPI_STATE, 3.502455, 3.852700, 0.350245, 0.000000, PMPI_Sendrecv
State, rank-2, MPI_STATE, 3.852700, 4.202946, 0.350246, 0.000000, PMPI_Sendrecv
State, rank-2, MPI_STATE, 4.202946, 4.553191, 0.350245, 0.000000, PMPI_Sendrecv
State, rank-2, MPI_STATE, 4.553191, 4.903437, 0.350246, 0.000000, PMPI_Sendrecv
State, rank-2, MPI_STATE, 4.903437, 5.253682, 0.350245, 0.000000, PMPI_Sendrecv
State, rank-2, MPI_STATE, 5.253682, 5.253682, 0.000000, 0.000000, PMPI_Finalize
Container, 0, MPI, 0, 5.25368, 5.25368, rank-1
State, rank-1, MPI_STATE, 0.000000, 0.000000, 0.000000, 0.000000, PMPI_Init
State, rank-1, MPI_STATE, 0.000000, 0.350245, 0.350245, 0.000000, PMPI_Sendrecv
State, rank-1, MPI_STATE, 0.350245, 0.700491, 0.350246, 0.000000, PMPI_Sendrecv
State, rank-1, MPI_STATE, 0.700491, 1.050736, 0.350245, 0.000000, PMPI_Sendrecv
State, rank-1, MPI_STATE, 1.050736, 1.400982, 0.350246, 0.000000, PMPI_Sendrecv
State, rank-1, MPI_STATE, 1.400982, 1.751227, 0.350245, 0.000000, PMPI_Sendrecv
State, rank-1, MPI_STATE, 1.751227, 2.101473, 0.350246, 0.000000, PMPI_Sendrecv
State, rank-1, MPI_STATE, 2.101473, 2.451719, 0.350246, 0.000000, PMPI_Sendrecv
State, rank-1, MPI_STATE, 2.451719, 2.801964, 0.350245, 0.000000, PMPI_Sendrecv
State, rank-1, MPI_STATE, 2.801964, 3.152209, 0.350245, 0.000000, PMPI_Sendrecv
State, rank-1, MPI_STATE, 3.152209, 3.502455, 0.350246, 0.000000, PMPI_Sendrecv
State, rank-1, MPI_STATE, 3.502455, 3.852700, 0.350245, 0.000000, PMPI_Sendrecv
State, rank-1, MPI_STATE, 3.852700, 4.202946, 0.350246, 0.000000, PMPI_Sendrecv
State, rank-1, MPI_STATE, 4.202946, 4.553191, 0.350245, 0.000000, PMPI_Sendrecv
State, rank-1, MPI_STATE, 4.553191, 4.903437, 0.350246, 0.000000, PMPI_Sendrecv
State, rank-1, MPI_STATE, 4.903437, 5.253682, 0.350245, 0.000000, PMPI_Sendrecv
State, rank-1, MPI_STATE, 5.253682, 5.253682, 0.000000, 0.000000, PMPI_Finalize
Container, 0, MPI, 0, 5.25368, 5.25368, rank-15
State, rank-15, MPI_STATE, 0.000000, 0.000000, 0.000000, 0.000000, PMPI_Init
State, rank-15, MPI_STATE, 0.000000, 0.350245, 0.350245, 0.000000, PMPI_Sendrecv
State, rank-15, MPI_STATE, 0.350245, 0.700491, 0.350246, 0.000000, PMPI_Sendrecv
State, rank-15, MPI_STATE, 0.700491, 1.050736, 0.350245, 0.000000, PMPI_Sendrecv
State, rank-15, MPI_STATE, 1.050736, 1.400982, 0.350246, 0.000000, PMPI_Sendrecv
State, rank-15, MPI_STATE, 1.400982, 1.751227, 0.350245, 0.000000, PMPI_Sendrecv
State, rank-15, MPI_STATE, 1.751227, 2.101473, 0.350246, 0.000000, PMPI_Sendrecv
State, rank-15, MPI_STATE, 2.101473, 2.451719, 0.350246, 0.000000, PMPI_Sendrecv
State, rank-15, MPI_STATE, 2.451719, 2.801964, 0.350245, 0.000000, PMPI_Sendrecv
State, rank-15, MPI_STATE, 2.801964, 3.152209, 0.350245, 0.000000, PMPI_Sendrecv
State, rank-15, MPI_STATE, 3.152209, 3.502455, 0.350246, 0.000000, PMPI_Sendrecv
State, rank-15, MPI_STATE, 3.502455, 3.852700, 0.350245, 0.000000, PMPI_Sendrecv
State, rank-15, MPI_STATE, 3.852700, 4.202946, 0.350246, 0.000000, PMPI_Sendrecv
State, rank-15, MPI_STATE, 4.202946, 4.553191, 0.350245, 0.000000, PMPI_Sendrecv
State, rank-15, MPI_STATE, 4.553191, 4.903437, 0.350246, 0.000000, PMPI_Sendrecv
State, rank-15, MPI_STATE, 4.903437, 5.253682, 0.350245, 0.000000, PMPI_Sendrecv
State, rank-15, MPI_STATE, 5.253682, 5.253682, 0.000000, 0.000000, PMPI_Finalize
Container, 0, MPI, 0, 5.25368, 5.25368, rank-14
State, rank-14, MPI_STATE, 0.000000, 0.000000, 0.000000, 0.000000, PMPI_Init
State, rank-14, MPI_STATE, 0.000000, 0.350245, 0.350245, 0.000000, PMPI_Sendrecv
State, rank-14, MPI_STATE, 0.350245, 0.700491, 0.350246, 0.000000, PMPI_Sendrecv
State, rank-14, MPI_STATE, 0.700491, 1.050736, 0.350245, 0.000000, PMPI_Sendrecv
State, rank-14, MPI_STATE, 1.050736, 1.400982, 0.350246, 0.000000, PMPI_Sendrecv
State, rank-14, MPI_STATE, 1.400982, 1.751227, 0.350245, 0.000000, PMPI_Sendrecv
State, rank-14, MPI_STATE, 1.751227, 2.101473, 0.350246, 0.000000, PMPI_Sendrecv
State, rank-14, MPI_STATE, 2.101473, 2.451719, 0.350246, 0.000000, PMPI_Sendrecv
State, rank-14, MPI_STATE, 2.451719, 2.801964, 0.350245, 0.000000, PMPI_Sendrecv
State, rank-14, MPI_STATE, 2.801964, 3.152209, 0.350245, 0.000000, PMPI_Sendrecv
State, rank-14, MPI_STATE, 3.152209, 3.502455, 0.350246, 0.000000, PMPI_Sendrecv
State, rank-14, MPI_STATE, 3.502455, 3.852700, 0.350245, 0.000000, PMPI_Sendrecv
State, rank-14, MPI_STATE, 3.852700, 4.202946, 0.350246, 0.000000, PMPI_Sendrecv
State, rank-14, MPI_STATE, 4.202946, 4.553191, 0.350245, 0.000000, PMPI_Sendrecv
State, rank-14, MPI_STATE, 4.553191, 4.903437, 0.350246, 0.000000, PMPI_Sendrecv
State, rank-14, MPI_STATE, 4.903437, 5.253682, 0.350245, 0.000000, PMPI_Sendrecv
State, rank-14, MPI_STATE, 5.253682, 5.253682, 0.000000, 0.000000, PMPI_Finalize
Container, 0, MPI, 0, 5.25368, 5.25368, rank-13
State, rank-13, MPI_STATE, 0.000000, 0.000000, 0.000000, 0.000000, PMPI_Init
State, rank-13, MPI_STATE, 0.000000, 0.350245, 0.350245, 0.000000, PMPI_Sendrecv
State, rank-13, MPI_STATE, 0.350245, 0.700491, 0.350246, 0.000000, PMPI_Sendrecv
State, rank-13, MPI_STATE, 0.700491, 1.050736, 0.350245, 0.000000, PMPI_Sendrecv
State, rank-13, MPI_STATE, 1.050736, 1.400982, 0.350246, 0.000000, PMPI_Sendrecv
State, rank-13, MPI_STATE, 1.400982, 1.751227, 0.350245, 0.000000, PMPI_Sendrecv
State, rank-13, MPI_STATE, 1.751227, 2.101473, 0.350246, 0.000000, PMPI_Sendrecv
State, rank-13, MPI_STATE, 2.101473, 2.451719, 0.350246, 0.000000, PMPI_Sendrecv
State, rank-13, MPI_STATE, 2.451719, 2.801964, 0.350245, 0.000000, PMPI_Sendrecv
State, rank-13, MPI_STATE, 2.801964, 3.152209, 0.350245, 0.000000, PMPI_Sendrecv
State, rank-13, MPI_STATE, 3.152209, 3.502455, 0.350246, 0.000000, PMPI_Sendrecv
State, rank-13, MPI_STATE, 3.502455, 3.852700, 0.350245, 0.000000, PMPI_Sendrecv
State, rank-13, MPI_STATE, 3.852700, 4.202946, 0.350246, 0.000000, PMPI_Sendrecv
State, rank-13, MPI_STATE, 4.202946, 4.553191, 0.350245, 0.000000, PMPI_Sendrecv
State, rank-13, MPI_STATE, 4.553191, 4.903437, 0.350246, 0.000000, PMPI_Sendrecv
State, rank-13, MPI_STATE, 4.903437, 5.253682, 0.350245, 0.000000, PMPI_Sendrecv
State, rank-13, MPI_STATE, 5.253682, 5.253682, 0.000000, 0.000000, PMPI_Finalize
Container, 0, MPI, 0, 5.25368, 5.25368, rank-12
State, rank-12, MPI_STATE, 0.000000, 0.000000, 0.000000, 0.000000, PMPI_Init
State, rank-12, MPI_STATE, 0.000000, 0.350245, 0.350245, 0.000000, PMPI_Sendrecv
State, rank-12, MPI_STATE, 0.350245, 0.700491, 0.350246, 0.000000, PMPI_Sendrecv
State, rank-12, MPI_STATE, 0.700491, 1.050736, 0.350245, 0.000000, PMPI_Sendrecv
State, rank-12, MPI_STATE, 1.050736, 1.400982, 0.350246, 0.000000, PMPI_Sendrecv
State, rank-12, MPI_STATE, 1.400982, 1.751227, 0.350245, 0.000000, PMPI_Sendrecv
State, rank-12, MPI_STATE, 1.751227, 2.101473, 0.350246, 0.000000, PMPI_Sendrecv
State, rank-12, MPI_STATE, 2.101473, 2.451719, 0.350246, 0.000000, PMPI_Sendrecv
State, rank-12, MPI_STATE, 2.451719, 2.801964, 0.350245, 0.000000, PMPI_Sendrecv
State, rank-12, MPI_STATE, 2.801964, 3.152209, 0.350245, 0.000000, PMPI_Sendrecv
State, rank-12, MPI_STATE, 3.152209, 3.502455, 0.350246, 0.000000, PMPI_Sendrecv
State, rank-12, MPI_STATE, 3.502455, 3.852700, 0.350245, 0.000000, PMPI_Sendrecv
State, rank-12, MPI_STATE, 3.852700, 4.202946, 0.350246, 0.000000, PMPI_Sendrecv
State, rank-12, MPI_STATE, 4.202946, 4.553191, 0.350245, 0.000000, PMPI_Sendrecv
State, rank-12, MPI_STATE, 4.553191, 4.903437, 0.350246, 0.000000, PMPI_Sendrecv
State, rank-12, MPI_STATE, 4.903437, 5.253682, 0.350245, 0.000000, PMPI_Sendrecv
State, rank-12, MPI_STATE, 5.253682, 5.253682, 0.000000, 0.000000, PMPI_Finalize
Container, 0, MPI, 0, 5.25368, 5.25368, rank-11
State, rank-11, MPI_STATE, 0.000000, 0.000000, 0.000000, 0.000000, PMPI_Init
State, rank-11, MPI_STATE, 0.000000, 0.350245, 0.350245, 0.000000, PMPI_Sendrecv
State, rank-11, MPI_STATE, 0.350245, 0.700491, 0.350246, 0.000000, PMPI_Sendrecv
State, rank-11, MPI_STATE, 0.700491, 1.050736, 0.350245, 0.000000, PMPI_Sendrecv
State, rank-11, MPI_STATE, 1.050736, 1.400982, 0.350246, 0.000000, PMPI_Sendrecv
State, rank-11, MPI_STATE, 1.400982, 1.751227, 0.350245, 0.000000, PMPI_Sendrecv
State, rank-11, MPI_STATE, 1.751227, 2.101473, 0.350246, 0.000000, PMPI_Sendrecv
State, rank-11, MPI_STATE, 2.101473, 2.451719, 0.350246, 0.000000, PMPI_Sendrecv
State, rank-11, MPI_STATE, 2.451719, 2.801964, 0.350245, 0.000000, PMPI_Sendrecv
State, rank-11, MPI_STATE, 2.801964, 3.152209, 0.350245, 0.000000, PMPI_Sendrecv
State, rank-11, MPI_STATE, 3.152209, 3.502455, 0.350246, 0.000000, PMPI_Sendrecv
State, rank-11, MPI_STATE, 3.502455, 3.852700, 0.350245, 0.000000, PMPI_Sendrecv
State, rank-11, MPI_STATE, 3.852700, 4.202946, 0.350246, 0.000000, PMPI_Sendrecv
State, rank-11, MPI_STATE, 4.202946, 4.553191, 0.350245, 0.000000, PMPI_Sendrecv
State, rank-11, MPI_STATE, 4.553191, 4.903437, 0.350246, 0.000000, PMPI_Sendrecv
State, rank-11, MPI_STATE, 4.903437, 5.253682, 0.350245, 0.000000, PMPI_Sendrecv
State, rank-11, MPI_STATE, 5.253682, 5.253682, 0.000000, 0.000000, PMPI_Finalize
Container, 0, MPI, 0, 5.25368, 5.25368, rank-10
State, rank-10, MPI_STATE, 0.000000, 0.000000, 0.000000, 0.000000, PMPI_Init
State, rank-10, MPI_STATE, 0.000000, 0.350245, 0.350245, 0.000000, PMPI_Sendrecv
State, rank-10, MPI_STATE, 0.350245, 0.700491, 0.350246, 0.000000, PMPI_Sendrecv
State, rank-10, MPI_STATE, 0.700491, 1.050736, 0.350245, 0.000000, PMPI_Sendrecv
State, rank-10, MPI_STATE, 1.050736, 1.400982, 0.350246, 0.000000, PMPI_Sendrecv
State, rank-10, MPI_STATE, 1.400982, 1.751227, 0.350245, 0.000000, PMPI_Sendrecv
State, rank-10, MPI_STATE, 1.751227, 2.101473, 0.350246, 0.000000, PMPI_Sendrecv
State, rank-10, MPI_STATE, 2.101473, 2.451719, 0.350246, 0.000000, PMPI_Sendrecv
State, rank-10, MPI_STATE, 2.451719, 2.801964, 0.350245, 0.000000, PMPI_Sendrecv
State, rank-10, MPI_STATE, 2.801964, 3.152209, 0.350245, 0.000000, PMPI_Sendrecv
State, rank-10, MPI_STATE, 3.152209, 3.502455, 0.350246, 0.000000, PMPI_Sendrecv
State, rank-10, MPI_STATE, 3.502455, 3.852700, 0.350245, 0.000000, PMPI_Sendrecv
State, rank-10, MPI_STATE, 3.852700, 4.202946, 0.350246, 0.000000, PMPI_Sendrecv
State, rank-10, MPI_STATE, 4.202946, 4.553191, 0.350245, 0.000000, PMPI_Sendrecv
State, rank-10, MPI_STATE, 4.553191, 4.903437, 0.350246, 0.000000, PMPI_Sendrecv
State, rank-10, MPI_STATE, 4.903437, 5.253682, 0.350245, 0.000000, PMPI_Sendrecv
State, rank-10, MPI_STATE, 5.253682, 5.253682, 0.000000, 0.000000, PMPI_Finalize
Container, 0, MPI, 0, 5.25368, 5.25368, rank-9
State, rank-9, MPI_STATE, 0.000000, 0.000000, 0.000000, 0.000000, PMPI_Init
State, rank-9, MPI_STATE, 0.000000, 0.350245, 0.350245, 0.000000, PMPI_Sendrecv
State, rank-9, MPI_STATE, 0.350245, 0.700491, 0.350246, 0.000000, PMPI_Sendrecv
State, rank-9, MPI_STATE, 0.700491, 1.050736, 0.350245, 0.000000, PMPI_Sendrecv
State, rank-9, MPI_STATE, 1.050736, 1.400982, 0.350246, 0.000000, PMPI_Sendrecv
State, rank-9, MPI_STATE, 1.400982, 1.751227, 0.350245, 0.000000, PMPI_Sendrecv
State, rank-9, MPI_STATE, 1.751227, 2.101473, 0.350246, 0.000000, PMPI_Sendrecv
State, rank-9, MPI_STATE, 2.101473, 2.451719, 0.350246, 0.000000, PMPI_Sendrecv
State, rank-9, MPI_STATE, 2.451719, 2.801964, 0.350245, 0.000000, PMPI_Sendrecv
State, rank-9, MPI_STATE, 2.801964, 3.152209, 0.350245, 0.000000, PMPI_Sendrecv
State, rank-9, MPI_STATE, 3.152209, 3.502455, 0.350246, 0.000000, PMPI_Sendrecv
State, rank-9, MPI_STATE, 3.502455, 3.852700, 0.350245, 0.000000, PMPI_Sendrecv
State, rank-9, MPI_STATE, 3.852700, 4.202946, 0.350246, 0.000000, PMPI_Sendrecv
State, rank-9, MPI_STATE, 4.202946, 4.553191, 0.350245, 0.000000, PMPI_Sendrecv
State, rank-9, MPI_STATE, 4.553191, 4.903437, 0.350246, 0.000000, PMPI_Sendrecv
State, rank-9, MPI_STATE, 4.903437, 5.253682, 0.350245, 0.000000, PMPI_Sendrecv
State, rank-9, MPI_STATE, 5.253682, 5.253682, 0.000000, 0.000000, PMPI_Finalize
Container, 0, MPI, 0, 5.25368, 5.25368, rank-0
State, rank-0, MPI_STATE, 0.000000, 0.000000, 0.000000, 0.000000, PMPI_Init
State, rank-0, MPI_STATE, 0.000000, 0.350245, 0.350245, 0.000000, PMPI_Sendrecv
State, rank-0, MPI_STATE, 0.350245, 0.700491, 0.350246, 0.000000, PMPI_Sendrecv
State, rank-0, MPI_STATE, 0.700491, 1.050736, 0.350245, 0.000000, PMPI_Sendrecv
State, rank-0, MPI_STATE, 1.050736, 1.400982, 0.350246, 0.000000, PMPI_Sendrecv
State, rank-0, MPI_STATE, 1.400982, 1.751227, 0.350245, 0.000000, PMPI_Sendrecv
State, rank-0, MPI_STATE, 1.751227, 2.101473, 0.350246, 0.000000, PMPI_Sendrecv
State, rank-0, MPI_STATE, 2.101473, 2.451719, 0.350246, 0.000000, PMPI_Sendrecv
State, rank-0, MPI_STATE, 2.451719, 2.801964, 0.350245, 0.000000, PMPI_Sendrecv
State, rank-0, MPI_STATE, 2.801964, 3.152209, 0.350245, 0.000000, PMPI_Sendrecv
State, rank-0, MPI_STATE, 3.152209, 3.502455, 0.350246, 0.000000, PMPI_Sendrecv
State, rank-0, MPI_STATE, 3.502455, 3.852700, 0.350245, 0.000000, PMPI_Sendrecv
State, rank-0, MPI_STATE, 3.852700, 4.202946, 0.350246, 0.000000, PMPI_Sendrecv
State, rank-0, MPI_STATE, 4.202946, 4.553191, 0.350245, 0.000000, PMPI_Sendrecv
State, rank-0, MPI_STATE, 4.553191, 4.903437, 0.350246, 0.000000, PMPI_Sendrecv
State, rank-0, MPI_STATE, 4.903437, 5.253682, 0.350245, 0.000000, PMPI_Sendrecv
State, rank-0, MPI_STATE, 5.253682, 5.253682, 0.000000, 0.000000, PMPI_Finalize
